{"base_lr": 1.0869650956418858e-05, "lr": 1.086965095641885e-06, "data_time": 1.0551138401031495, "grad_norm": 18.889072823524476, "loss": 0.5013999104499817, "loss_cls": 0.5013999104499817, "acc": 0.0, "mae": 0.787109375, "time": 3.0525859713554384, "epoch": 1, "iter": 50, "memory": 5621, "step": 50}
