{"base_lr": 2.0610737385376637e-05, "lr": 2.0610737385376155e-06, "data_time": 0.31155713796615603, "loss": 0.22353800535202026, "loss_cls": 0.22353800535202026, "acc": 1.0, "mae": 0.615234375, "time": 0.5451942443847656, "grad_norm": 5.892853677272797, "epoch": 36, "iter": 71065, "memory": 3117, "step": 71065}
