{"base_lr": 0.0005764705882352943, "lr": 0.0, "data_time": 0.6590556383132935, "loss": 3.9234551191329956, "loss_qclass": 1.4474853515625, "loss_dtype": 2.26981201171875, "loss_mos": 0.206157741881907, "time": 2.3090189933776855, "epoch": 1, "iter": 10, "memory": 5624, "step": 10}
{"base_lr": 0.0010000000000000002, "lr": 0.0, "data_time": 0.3673206435309516, "loss": 4.4614256620407104, "loss_qclass": 1.7428114149305556, "loss_dtype": 2.3719550238715277, "loss_mos": 0.3466592010679758, "time": 2.080514775382148, "epoch": 1, "iter": 18, "memory": 5624, "step": 18}
