{"base_lr": 0.0005764705882352943, "lr": 0.0, "data_time": 0.7120492458343506, "loss": 4.536988401412964, "loss_qclass": 1.7352294921875, "loss_dtype": 2.3142578125, "loss_mos": 0.48750109076499937, "time": 3.0400333642959594, "epoch": 1, "iter": 10, "memory": 5624, "step": 10}
{"base_lr": 0.0010000000000000002, "lr": 0.0, "data_time": 0.39697265625, "loss": 4.5374712281756935, "loss_qclass": 1.7933892144097223, "loss_dtype": 2.3272026909722223, "loss_mos": 0.41687928036683136, "time": 2.6813453170988293, "epoch": 1, "iter": 18, "memory": 5624, "step": 18}
{"mos_mae": NaN, "mos_rmse": NaN, "mos_srcc": NaN, "mos_plcc": NaN, "qclass_acc": NaN, "dtype_acc": NaN, "data_time": 0.396146297454834, "time": 1.2233513858583238, "step": 1}
