{"base_lr": 9.755282581475901e-05, "lr": 9.755282581475674e-06, "data_time": 0.49984254837036135, "loss": 0.3792963981628418, "loss_cls": 0.3792963981628418, "acc": 1.0, "mae": 0.70263671875, "time": 0.7370754599571228, "grad_norm": 6.0266020655632015, "epoch": 6, "iter": 10195, "memory": 3119, "step": 10195}
