{"base_lr": 0.0003, "lr": 2.9999999999999997e-05, "data_time": 0.4435875415802002, "loss": 2.164497828576714, "loss_cls": 2.164497828576714, "time": 2.4178252935409548, "epoch": 1, "iter": 20, "memory": 5739, "step": 20}
{"base_lr": 0.0003, "lr": 2.9999999999999997e-05, "data_time": 0.0023638725280761717, "loss": 0.46797143034636973, "loss_cls": 0.46797143034636973, "time": 1.5711583971977234, "epoch": 1, "iter": 40, "memory": 5739, "step": 40}
{"base_lr": 0.0003, "lr": 2.9999999999999997e-05, "data_time": 0.0032663822174072267, "loss": 0.21728275036439298, "loss_cls": 0.21728275036439298, "time": 1.646213984489441, "epoch": 1, "iter": 60, "memory": 5739, "step": 60}
