{"base_lr": 0.0005764705882352943, "lr": 0.0, "data_time": 0.7108684301376342, "loss": 4.266819310188294, "loss_qclass": 1.6576904296875, "loss_dtype": 2.39677734375, "loss_mos": 0.21235145861282945, "time": 3.4125798463821413, "epoch": 1, "iter": 10, "memory": 5624, "step": 10}
{"base_lr": 0.0010000000000000002, "lr": 0.0, "data_time": 0.4003000921673245, "loss": 4.387489477793376, "loss_qclass": 1.769775390625, "loss_dtype": 2.325710720486111, "loss_mos": 0.2920033278254171, "time": 2.722522113058302, "epoch": 1, "iter": 18, "memory": 5624, "step": 18}
{"mos_mae": 0.0, "mos_rmse": 0.0, "mos_srcc": 0.0, "mos_plcc": 0.0, "qclass_acc": 0.0, "dtype_acc": 0.0, "data_time": 0.5777319007449679, "time": 1.0032402276992798, "step": 1}
{"base_lr": 0.0010000000000000002, "lr": 0.0, "data_time": 0.36389592885971067, "loss": 3.6661294877529143, "loss_qclass": 1.2598281860351563, "loss_dtype": 2.12490234375, "loss_mos": 0.28139897175133227, "time": 2.3739181399345397, "epoch": 2, "iter": 28, "memory": 5624, "step": 28}
{"base_lr": 0.0010000000000000002, "lr": 0.0, "data_time": 0.3608595967292786, "loss": 2.933430737257004, "loss_qclass": 0.6641769409179688, "loss_dtype": 1.88680419921875, "loss_mos": 0.38244961127638816, "time": 2.3058693289756773, "epoch": 2, "iter": 36, "memory": 5624, "step": 36}
{"mos_mae": 0.0, "mos_rmse": 0.0, "mos_srcc": 0.0, "mos_plcc": 0.0, "qclass_acc": 0.0, "dtype_acc": 0.0, "data_time": 0.41976863459536906, "time": 0.8238534801884702, "step": 2}
