{"base_lr": 0.0005764705882352943, "lr": 0.0, "data_time": 0.7289063692092895, "loss": 4.272973155975341, "loss_qclass": 1.9313232421875, "loss_dtype": 2.140625, "loss_mos": 0.2010249275714159, "time": 2.5374175548553466, "epoch": 1, "iter": 10, "memory": 5624, "step": 10}
{"base_lr": 0.0010000000000000002, "lr": 0.0, "data_time": 0.4060814248190986, "loss": 4.173226144578722, "loss_qclass": 1.6491156684027777, "loss_dtype": 2.2219780815972223, "loss_mos": 0.3021323749174674, "time": 2.2299565739101834, "epoch": 1, "iter": 18, "memory": 5624, "step": 18}
