{"base_lr": 0.0005764705882352943, "lr": 0.0, "data_time": 1.0102223873138427, "loss": 4.096631026268005, "loss_qclass": 1.739599609375, "loss_dtype": 2.0552978515625, "loss_mos": 0.30173354856669904, "time": 3.167794418334961, "epoch": 1, "iter": 10, "memory": 5624, "step": 10}
{"base_lr": 0.0010000000000000002, "lr": 0.0, "data_time": 0.5640353361765543, "loss": 4.202820830874973, "loss_qclass": 1.5523274739583333, "loss_dtype": 2.3047553168402777, "loss_mos": 0.34573803896394867, "time": 2.986611697408888, "epoch": 1, "iter": 18, "memory": 5624, "step": 18}
