{"base_lr": 0.0005764705882352943, "lr": 0.0, "data_time": 0.8245895862579345, "loss": 4.639805865287781, "loss_qclass": 1.981005859375, "loss_dtype": 2.26943359375, "loss_mos": 0.38936637714505196, "time": 2.8177352428436278, "epoch": 1, "iter": 10, "memory": 5624, "step": 10}
{"base_lr": 0.0010000000000000002, "lr": 0.0, "data_time": 0.4598543776406182, "loss": 4.620617945988973, "loss_qclass": 1.8737386067708333, "loss_dtype": 2.3673231336805554, "loss_mos": 0.3795561607855941, "time": 2.3875419431262546, "epoch": 1, "iter": 18, "memory": 5624, "step": 18}
{"mos_mae": 0.0, "mos_rmse": 0.0, "mos_srcc": 0.0, "mos_plcc": 0.0, "qclass_acc": 0.0, "dtype_acc": 0.0, "data_time": 0.39958646562364364, "time": 0.8870926962958442, "step": 1}
{"base_lr": 0.0010000000000000002, "lr": 0.0, "data_time": 0.3639460802078247, "loss": 4.08850988149643, "loss_qclass": 1.238429641723633, "loss_dtype": 2.4182373046875, "loss_mos": 0.4318428940634476, "time": 2.403650939464569, "epoch": 2, "iter": 28, "memory": 5624, "step": 28}
{"base_lr": 0.0010000000000000002, "lr": 0.0, "data_time": 0.36470202207565305, "loss": 3.2189022839069366, "loss_qclass": 0.5591915130615235, "loss_dtype": 2.3728515625, "loss_mos": 0.2868592230166541, "time": 2.3991493225097655, "epoch": 2, "iter": 36, "memory": 5624, "step": 36}
{"mos_mae": 0.0, "mos_rmse": 0.0, "mos_srcc": 0.0, "mos_plcc": 0.0, "qclass_acc": 0.0, "dtype_acc": 0.0, "data_time": 0.4127814769744873, "time": 0.8773361005281147, "step": 2}
{"base_lr": 0.0010000000000000002, "lr": 0.0, "data_time": 0.3180221199989319, "loss": 2.513234996795654, "loss_qclass": 0.2239368438720703, "loss_dtype": 1.9884521484375, "loss_mos": 0.30084601007401945, "time": 2.4664991736412047, "epoch": 3, "iter": 46, "memory": 5624, "step": 46}
{"base_lr": 0.0010000000000000002, "lr": 0.0, "data_time": 0.3173338770866394, "loss": 2.306321144104004, "loss_qclass": 0.17925376892089845, "loss_dtype": 1.86685791015625, "loss_mos": 0.2602094736881554, "time": 2.3237958788871764, "epoch": 3, "iter": 54, "memory": 5624, "step": 54}
{"mos_mae": 0.0, "mos_rmse": 0.0, "mos_srcc": 0.0, "mos_plcc": 0.0, "qclass_acc": 0.0, "dtype_acc": 0.0, "data_time": 0.37970207866869476, "time": 0.8457221859379819, "step": 3}
