{"base_lr": 0.0005764705882352943, "lr": 0.0, "data_time": 1.0696792125701904, "loss": 4.6567538499832155, "loss_qclass": 1.992529296875, "loss_dtype": 2.2573486328125, "loss_mos": 0.4068759061396122, "time": 3.8015072345733643, "epoch": 1, "iter": 10, "memory": 5624, "step": 10}
{"base_lr": 0.0010000000000000002, "lr": 0.0, "data_time": 0.5976593626870049, "loss": 4.3312259912490845, "loss_qclass": 1.8632269965277777, "loss_dtype": 2.1448296440972223, "loss_mos": 0.323169339241253, "time": 3.377039816644457, "epoch": 1, "iter": 18, "memory": 5624, "step": 18}
