{"base_lr": 0.0005764705882352943, "lr": 0.0, "data_time": 0.7090238809585572, "loss": 4.489449858665466, "loss_qclass": 1.963604736328125, "loss_dtype": 2.109619140625, "loss_mos": 0.41622602846473455, "time": 3.5562124013900758, "epoch": 1, "iter": 10, "memory": 5667, "step": 10}
{"base_lr": 0.0010000000000000002, "lr": 0.0, "data_time": 0.39488430817921955, "loss": 4.565548102060954, "loss_qclass": 2.0915154351128473, "loss_dtype": 2.175265842013889, "loss_mos": 0.2987668374682673, "time": 3.123890519142151, "epoch": 1, "iter": 18, "memory": 5667, "step": 18}
{"mos_mae": NaN, "mos_rmse": NaN, "mos_srcc": NaN, "mos_plcc": NaN, "qclass_acc": NaN, "dtype_acc": NaN, "data_time": 0.41895634598202175, "time": 0.9147660997178819, "step": 1}
{"base_lr": 0.0010000000000000002, "lr": 0.0, "data_time": 0.33049923181533813, "loss": 3.855893748998642, "loss_qclass": 1.4417388916015625, "loss_dtype": 2.1514404296875, "loss_mos": 0.2627144279074855, "time": 3.073831045627594, "epoch": 2, "iter": 28, "memory": 5667, "step": 28}
{"base_lr": 0.0010000000000000002, "lr": 0.0, "data_time": 0.33063429594039917, "loss": 2.986348420381546, "loss_qclass": 0.7064834594726562, "loss_dtype": 1.97716064453125, "loss_mos": 0.30270432328106833, "time": 2.9738382935523986, "epoch": 2, "iter": 36, "memory": 5667, "step": 36}
{"mos_mae": NaN, "mos_rmse": NaN, "mos_srcc": NaN, "mos_plcc": NaN, "qclass_acc": NaN, "dtype_acc": NaN, "data_time": 0.3899989504563181, "time": 0.8704332301491186, "step": 2}
{"base_lr": 0.0010000000000000002, "lr": 0.0, "data_time": 0.3305314540863037, "loss": 2.4765657424926757, "loss_qclass": 0.3762929916381836, "loss_dtype": 1.8619140625, "loss_mos": 0.23835868425667286, "time": 3.078423190116882, "epoch": 3, "iter": 46, "memory": 5667, "step": 46}
{"base_lr": 0.0010000000000000002, "lr": 0.0, "data_time": 0.330705988407135, "loss": 2.3130924582481383, "loss_qclass": 0.2602556228637695, "loss_dtype": 1.82972412109375, "loss_mos": 0.22311270559439436, "time": 2.967351162433624, "epoch": 3, "iter": 54, "memory": 5667, "step": 54}
{"mos_mae": NaN, "mos_rmse": NaN, "mos_srcc": NaN, "mos_plcc": NaN, "qclass_acc": NaN, "dtype_acc": NaN, "data_time": 0.39965652164660004, "time": 0.8743613393683183, "step": 3}
