{"base_lr": 0.0003, "lr": 2.9999999999999997e-05, "data_time": 0.46044120788574217, "loss": 2.1245728847454304, "loss_cls": 2.1245728847454304, "time": 2.2058718323707582, "epoch": 1, "iter": 20, "memory": 5739, "step": 20}
{"base_lr": 0.0003, "lr": 2.9999999999999997e-05, "data_time": 0.0024382948875427248, "loss": 0.35697312355041505, "loss_cls": 0.35697312355041505, "time": 1.5996850848197937, "epoch": 1, "iter": 40, "memory": 5739, "step": 40}
{"base_lr": 0.0003, "lr": 2.9999999999999997e-05, "data_time": 0.0028638243675231934, "loss": 0.2711467929650098, "loss_cls": 0.2711467929650098, "time": 1.5942312359809876, "epoch": 1, "iter": 60, "memory": 5739, "step": 60}
{"base_lr": 0.0003, "lr": 2.9999999999999997e-05, "data_time": 0.002771508693695068, "loss": 0.2512096664868295, "loss_cls": 0.2512096664868295, "time": 1.584711730480194, "epoch": 1, "iter": 80, "memory": 5739, "step": 80}
{"base_lr": 0.0003, "lr": 2.9999999999999997e-05, "data_time": 0.002828025817871094, "loss": 0.32404569280333817, "loss_cls": 0.32404569280333817, "time": 1.6038859963417054, "epoch": 1, "iter": 100, "memory": 5739, "step": 100}
