{"base_lr": 1.1738958990536286e-05, "lr": 1.1738958990536288e-06, "data_time": 0.002922511100769043, "loss": 0.5461610794067383, "loss_cls": 0.5461610794067383, "acc": 0.25, "mae": 1.14794921875, "time": 2.184992289543152, "grad_norm": Infinity, "epoch": 1, "iter": 50, "memory": 5659, "step": 50}
