{"base_lr": 0.0005764705882352943, "lr": 0.0, "data_time": 0.7471924781799316, "loss": 4.354660868644714, "loss_qclass": 1.663671875, "loss_dtype": 2.3396728515625, "loss_mos": 0.3513160887174308, "time": 3.2438923597335814, "epoch": 1, "iter": 10, "memory": 5624, "step": 10}
{"base_lr": 0.0010000000000000002, "lr": 0.0, "data_time": 0.41625356674194336, "loss": 3.8752476970354715, "loss_qclass": 1.3867662217881944, "loss_dtype": 2.2091606987847223, "loss_mos": 0.2793207412598551, "time": 2.827337702115377, "epoch": 1, "iter": 18, "memory": 5624, "step": 18}
{"mos_mae": NaN, "mos_rmse": NaN, "mos_srcc": NaN, "mos_plcc": NaN, "qclass_acc": NaN, "dtype_acc": NaN, "data_time": 0.44128235181172687, "time": 1.26934994591607, "step": 1}
{"base_lr": 0.0010000000000000002, "lr": 0.0, "data_time": 0.3581790804862976, "loss": 3.1774154245853423, "loss_qclass": 0.9016677856445312, "loss_dtype": 2.0533203125, "loss_mos": 0.2224273400672246, "time": 2.859208416938782, "epoch": 2, "iter": 28, "memory": 5624, "step": 28}
{"base_lr": 0.0010000000000000002, "lr": 0.0, "data_time": 0.359384822845459, "loss": 2.703581303358078, "loss_qclass": 0.4808197021484375, "loss_dtype": 1.965380859375, "loss_mos": 0.2573807793960441, "time": 2.8109609603881838, "epoch": 2, "iter": 36, "memory": 5624, "step": 36}
{"mos_mae": NaN, "mos_rmse": NaN, "mos_srcc": NaN, "mos_plcc": NaN, "qclass_acc": NaN, "dtype_acc": NaN, "data_time": 0.45307875934400055, "time": 1.2568908114182322, "step": 2}
{"base_lr": 0.0010000000000000002, "lr": 0.0, "data_time": 0.343332839012146, "loss": 2.4069308638572693, "loss_qclass": 0.22075138092041016, "loss_dtype": 1.921197509765625, "loss_mos": 0.26498201619833706, "time": 2.8738924622535706, "epoch": 3, "iter": 46, "memory": 5624, "step": 46}
{"base_lr": 0.0010000000000000002, "lr": 0.0, "data_time": 0.342917275428772, "loss": 2.0935719102621078, "loss_qclass": 0.11649837493896484, "loss_dtype": 1.802532958984375, "loss_mos": 0.17454059488372878, "time": 2.7713083624839783, "epoch": 3, "iter": 54, "memory": 5624, "step": 54}
{"mos_mae": NaN, "mos_rmse": NaN, "mos_srcc": NaN, "mos_plcc": NaN, "qclass_acc": NaN, "dtype_acc": NaN, "data_time": 0.4000091176283987, "time": 1.2066510100113719, "step": 3}
