{"base_lr": 0.0005764705882352943, "lr": 0.0, "data_time": 0.7597169876098633, "loss": 4.1111548900604244, "loss_qclass": 1.53544921875, "loss_dtype": 2.209326171875, "loss_mos": 0.36637954860925676, "time": 2.5109028577804566, "epoch": 1, "iter": 10, "memory": 5624, "step": 10}
{"base_lr": 0.0010000000000000002, "lr": 0.0, "data_time": 0.4227728578779433, "loss": 4.392092823982239, "loss_qclass": 1.6919623480902777, "loss_dtype": 2.180908203125, "loss_mos": 0.5192222930490971, "time": 2.238247593243917, "epoch": 1, "iter": 18, "memory": 5624, "step": 18}
{"mos_mae": 0.0, "mos_rmse": 0.0, "mos_srcc": 0.0, "mos_plcc": 0.0, "qclass_acc": 0.0, "dtype_acc": 0.0, "data_time": 0.42383285363515216, "time": 0.9202263487709893, "step": 1}
{"base_lr": 0.0010000000000000002, "lr": 0.0, "data_time": 0.354526686668396, "loss": 3.755460876226425, "loss_qclass": 1.2844535827636718, "loss_dtype": 2.05538330078125, "loss_mos": 0.41562398709356785, "time": 2.379783010482788, "epoch": 2, "iter": 28, "memory": 5624, "step": 28}
{"base_lr": 0.0010000000000000002, "lr": 0.0, "data_time": 0.35589592456817626, "loss": 2.9347593605518343, "loss_qclass": 0.6758964538574219, "loss_dtype": 2.01136474609375, "loss_mos": 0.24749815550167115, "time": 2.2916173696517945, "epoch": 2, "iter": 36, "memory": 5624, "step": 36}
{"mos_mae": 0.0, "mos_rmse": 0.0, "mos_srcc": 0.0, "mos_plcc": 0.0, "qclass_acc": 0.0, "dtype_acc": 0.0, "data_time": 0.40205314284876775, "time": 0.8766136545883981, "step": 2}
{"base_lr": 0.0010000000000000002, "lr": 0.0, "data_time": 0.35623271465301515, "loss": 2.4232656002044677, "loss_qclass": 0.18205318450927735, "loss_dtype": 1.9592529296875, "loss_mos": 0.281959488731809, "time": 2.36595242023468, "epoch": 3, "iter": 46, "memory": 5624, "step": 46}
{"base_lr": 0.0010000000000000002, "lr": 0.0, "data_time": 0.35497604608535765, "loss": 2.297181797027588, "loss_qclass": 0.16089649200439454, "loss_dtype": 1.875469970703125, "loss_mos": 0.2608153275446966, "time": 2.261672306060791, "epoch": 3, "iter": 54, "memory": 5624, "step": 54}
{"mos_mae": 0.0, "mos_rmse": 0.0, "mos_srcc": 0.0, "mos_plcc": 0.0, "qclass_acc": 0.0, "dtype_acc": 0.0, "data_time": 0.4044638809404875, "time": 0.8699687405636436, "step": 3}
