{"base_lr": 0.0005764705882352943, "lr": 0.0, "data_time": 0.6862025260925293, "loss": 4.572616863250732, "loss_qclass": 1.9920166015625, "loss_dtype": 2.141845703125, "loss_mos": 0.4387545146048069, "time": 2.372434902191162, "epoch": 1, "iter": 10, "memory": 5624, "step": 10}
{"base_lr": 0.0010000000000000002, "lr": 0.0, "data_time": 0.3824695216284858, "loss": 4.913141462537977, "loss_qclass": 2.011135525173611, "loss_dtype": 2.1994493272569446, "loss_mos": 0.7025565749241246, "time": 2.1149882740444608, "epoch": 1, "iter": 18, "memory": 5624, "step": 18}
