{"base_lr": 0.001, "lr": 0.0001, "data_time": 0.21426987648010254, "loss": 5.366583347320557, "top1_acc": 0.0, "top5_acc": 0.0, "loss_cls": 5.366583347320557, "time": 5.782369375228882, "epoch": 1, "iter": 1, "step": 1}
{"acc/top1": 1.0, "acc/top5": 1.0, "acc/mean1": 1.0, "data_time": 0.07056498527526855, "time": 1.5454597473144531, "step": 1}
