{"base_lr": 0.0005764705882352943, "lr": 0.0, "data_time": 0.6808735609054566, "loss": 4.642618346214294, "loss_qclass": 1.92105712890625, "loss_dtype": 2.3415283203125, "loss_mos": 0.3800329596735537, "time": 2.4254324436187744, "epoch": 1, "iter": 10, "memory": 5624, "step": 10}
{"base_lr": 0.0010000000000000002, "lr": 0.0, "data_time": 0.37932900587717694, "loss": 4.213149110476176, "loss_qclass": 1.7038370768229167, "loss_dtype": 2.245212131076389, "loss_mos": 0.26409996008199715, "time": 2.138268378045824, "epoch": 1, "iter": 18, "memory": 5624, "step": 18}
{"mos_mae": 0.3420257491945409, "mos_rmse": 0.3840652208828302, "mos_srcc": -0.47609522856952335, "mos_plcc": -0.4946420171453708, "qclass_acc": 0.7428571428571429, "dtype_acc": 0.2, "data_time": 0.3899500370025635, "time": 0.8786882824367948, "step": 1}
{"base_lr": 0.0010000000000000002, "lr": 0.0, "data_time": 0.3160370230674744, "loss": 3.609538787603378, "loss_qclass": 1.2715682983398438, "loss_dtype": 2.0965087890625, "loss_mos": 0.24146172070977628, "time": 2.241021120548248, "epoch": 2, "iter": 28, "memory": 5624, "step": 28}
{"base_lr": 0.0010000000000000002, "lr": 0.0, "data_time": 0.3165369987487793, "loss": 2.9931306064128878, "loss_qclass": 0.6436796188354492, "loss_dtype": 2.09656982421875, "loss_mos": 0.2528811444841267, "time": 2.154825246334076, "epoch": 2, "iter": 36, "memory": 5624, "step": 36}
{"mos_mae": 0.287262878344816, "mos_rmse": 0.3485954634247635, "mos_srcc": 0.566113233971324, "mos_plcc": 0.7427800321294729, "qclass_acc": 0.9714285714285714, "dtype_acc": 0.2857142857142857, "data_time": 0.36598116473147746, "time": 0.8365700119420102, "step": 2}
{"base_lr": 0.0010000000000000002, "lr": 0.0, "data_time": 0.3159627079963684, "loss": 2.470937442779541, "loss_qclass": 0.21010913848876953, "loss_dtype": 1.9616455078125, "loss_mos": 0.2991827855934389, "time": 2.2310689330101012, "epoch": 3, "iter": 46, "memory": 5624, "step": 46}
{"base_lr": 0.0010000000000000002, "lr": 0.0, "data_time": 0.31644430160522463, "loss": 2.467668867111206, "loss_qclass": 0.13591690063476564, "loss_dtype": 1.963140869140625, "loss_mos": 0.3686110947281122, "time": 2.1611324310302735, "epoch": 3, "iter": 54, "memory": 5624, "step": 54}
{"mos_mae": 0.4474046487723982, "mos_rmse": 0.5260046722339795, "mos_srcc": -0.39407882364788277, "mos_plcc": -0.2776857732842835, "qclass_acc": 1.0, "dtype_acc": 0.34285714285714286, "data_time": 0.3736425700940584, "time": 0.8493048893777948, "step": 3}
