{"base_lr": 0.0005764705882352943, "lr": 0.0, "data_time": 0.7159277915954589, "loss": 4.223585247993469, "loss_qclass": 1.5061004638671875, "loss_dtype": 2.4196044921875, "loss_mos": 0.2978802965953946, "time": 2.4043809175491333, "epoch": 1, "iter": 10, "memory": 5624, "step": 10}
{"base_lr": 0.0010000000000000002, "lr": 0.0, "data_time": 0.3980866273244222, "loss": 4.2054012881384955, "loss_qclass": 1.5715857611762152, "loss_dtype": 2.3405626085069446, "loss_mos": 0.2932529194513336, "time": 2.1407684087753296, "epoch": 1, "iter": 18, "memory": 5624, "step": 18}
