{"base_lr": 0.0005764705882352943, "lr": 0.0, "data_time": 0.7545099496841431, "loss": 4.046820616722107, "loss_qclass": 1.60255126953125, "loss_dtype": 2.1573974609375, "loss_mos": 0.2868719071149826, "time": 2.6039870023727416, "epoch": 1, "iter": 10, "memory": 5624, "step": 10}
{"base_lr": 0.0010000000000000002, "lr": 0.0, "data_time": 0.41992641819847953, "loss": 4.362617717848884, "loss_qclass": 1.7715996636284723, "loss_dtype": 2.1481797960069446, "loss_mos": 0.44283825241857105, "time": 2.292102244165209, "epoch": 1, "iter": 18, "memory": 5624, "step": 18}
{"mos_mae": 0.0, "mos_rmse": 0.0, "mos_srcc": 0.0, "mos_plcc": 0.0, "qclass_acc": 0.0, "dtype_acc": 0.0, "data_time": 0.3952844540278117, "time": 0.8864155213038126, "step": 1}
