{"base_lr": 0.0005764705882352943, "lr": 0.0, "data_time": 0.7167809724807739, "loss": 4.181981801986694, "loss_qclass": 1.726904296875, "loss_dtype": 2.1450927734375, "loss_mos": 0.3099847542122006, "time": 3.057037425041199, "epoch": 1, "iter": 10, "memory": 5624, "step": 10}
{"base_lr": 0.0010000000000000002, "lr": 0.0, "data_time": 0.39871275424957275, "loss": 3.9474138948652477, "loss_qclass": 1.5084228515625, "loss_dtype": 2.221340603298611, "loss_mos": 0.2176504645548347, "time": 2.6870504485236273, "epoch": 1, "iter": 18, "memory": 5624, "step": 18}
{"mos_mae": 0.0, "mos_rmse": 0.0, "mos_srcc": 0.0, "mos_plcc": 0.0, "qclass_acc": 0.0, "dtype_acc": 0.0, "data_time": 0.3938263522254096, "time": 1.2251651816897922, "step": 1}
{"base_lr": 0.0010000000000000002, "lr": 0.0, "data_time": 0.35039358139038085, "loss": 3.499979931116104, "loss_qclass": 1.2003578186035155, "loss_dtype": 2.136090087890625, "loss_mos": 0.1635320572415367, "time": 2.761532020568848, "epoch": 2, "iter": 28, "memory": 5624, "step": 28}
{"base_lr": 0.0010000000000000002, "lr": 0.0, "data_time": 0.35193943977355957, "loss": 2.802869838476181, "loss_qclass": 0.7326026916503906, "loss_dtype": 1.904241943359375, "loss_mos": 0.16602522206958384, "time": 2.727951633930206, "epoch": 2, "iter": 36, "memory": 5624, "step": 36}
{"mos_mae": 0.0, "mos_rmse": 0.0, "mos_srcc": 0.0, "mos_plcc": 0.0, "qclass_acc": 0.0, "dtype_acc": 0.0, "data_time": 0.37994077331141424, "time": 1.1938355721925433, "step": 2}
