{"mos/SRCC": 0.3075774409380645, "mos/PLCC": 0.3265409227122851, "mos/RMSE": 0.8136899088700754, "mos/MAE": 0.6232746435901312, "mos/accuracy": 0.42913385826771655, "data_time": 0.6823975777062844, "time": 0.8137055513427014}