{"base_lr": 1.0869650956418858e-05, "lr": 1.086965095641885e-06, "data_time": 0.31374913454055786, "loss": 0.6609570980072021, "loss_cls": 0.6609570980072021, "acc": 0.5, "mae": 1.30078125, "time": 0.5433554291725159, "grad_norm": Infinity, "epoch": 1, "iter": 50, "memory": 3114, "step": 50}
{"base_lr": 1.1757049891540143e-05, "lr": 1.175704989154012e-06, "data_time": 0.7014299035072327, "loss": 0.4843881130218506, "loss_cls": 0.4843881130218506, "acc": 0.0, "mae": 1.041015625, "time": 0.9493055462837219, "grad_norm": 17.61671323776245, "epoch": 1, "iter": 100, "memory": 3114, "step": 100}
{"base_lr": 1.2644448826661422e-05, "lr": 1.2644448826661384e-06, "data_time": 0.3362987875938416, "loss": 0.4306172013282776, "loss_cls": 0.4306172013282776, "acc": 0.5, "mae": 1.2021484375, "time": 0.5681932687759399, "grad_norm": 13.04517617225647, "epoch": 1, "iter": 150, "memory": 3114, "step": 150}
{"base_lr": 1.3531847761782706e-05, "lr": 1.3531847761782647e-06, "data_time": 0.3880185723304749, "loss": 0.32880873680114747, "loss_cls": 0.32880873680114747, "acc": 0.0, "mae": 1.033203125, "time": 0.6357125878334046, "grad_norm": 10.884930157661438, "epoch": 1, "iter": 200, "memory": 3114, "step": 200}
{"base_lr": 1.4419246696903992e-05, "lr": 1.4419246696903923e-06, "data_time": 0.3488810658454895, "loss": 0.3342945337295532, "loss_cls": 0.3342945337295532, "acc": 0.5, "mae": 0.73974609375, "time": 0.58662109375, "grad_norm": 9.807759284973145, "epoch": 1, "iter": 250, "memory": 3114, "step": 250}
